n,kurtosis,loss
0,-9.27809677032145,0.31038274773413277
1,-4.633802132030071,0.15799824679834176
2,0.7245793066348809,0.06694067705792013
3,17.8666502209252,0.036353112164143976
4,14.352293191883764,0.01953750004883513
5,20.127223815977217,0.008160013844973156
6,16.903172447659077,0.0019453293715045756
7,-2.79580050092253,0.0006325633105335757
