n,recon_error,pairwise_dc
1,0.25486648069751394,0.6109909153844741
2,0.2196494763389972,0.7078746349030449
3,0.18643489110197992,0.7731951817351281
4,0.18271492521545002,0.7980257860481834
5,0.13631202033680265,0.8440442568787416
6,0.10346073934356981,0.883443130962406
7,0.07393731363910946,0.8977732519253723
8,0.0684054123738638,0.8971833386886903
9,0.03926058575731777,0.930674835374736
10,0.01478538701334245,0.939906388344052
